-- phpMyAdmin SQL Dump
-- version 4.6.6
-- https://www.phpmyadmin.net/
--
-- Host: localhost
-- Generation Time: Dec 01, 2017 at 11:45 PM
-- Server version: 10.1.20-MariaDB
-- PHP Version: 7.0.8

SET SQL_MODE = "NO_AUTO_VALUE_ON_ZERO";
SET time_zone = "+00:00";

--
-- Database: `id1876647_neenjawtest`
--

-- --------------------------------------------------------

--
-- Table structure for table `shift_login_tbl_users`
--

CREATE TABLE `shift_login_tbl_users` (
  `id` int(11) NOT NULL,
  `login` varchar(255) COLLATE utf8_unicode_ci NOT NULL,
  `password` varchar(255) COLLATE utf8_unicode_ci NOT NULL,
  `auth_id` int(11) NOT NULL,
  `added_timestamp` timestamp NOT NULL DEFAULT CURRENT_TIMESTAMP,
  `added_by` varchar(30) COLLATE utf8_unicode_ci NOT NULL
) ENGINE=InnoDB DEFAULT CHARSET=utf8 COLLATE=utf8_unicode_ci;

--
-- Dumping data for table `shift_login_tbl_users`
--

INSERT INTO `shift_login_tbl_users` (`id`, `login`, `password`, `auth_id`, `added_timestamp`, `added_by`) VALUES
(1, 'root', '$2y$10$D0v7DhKS2dEK5xnX5K4m0eLG04LxlnvBmChnNWRwETtI4NBQ8BJSu', 4, '2017-12-01 23:41:47', 'root'),
(18, 'tima', '$2y$10$pLE/amlOcoYshIYOFc9XjuWMEayHK82G//dUW5.tBDX3UFl/s2OEi', 4, '2017-12-01 23:41:47', 'root'),
(19, 'karlynw', '$2y$10$iWAlJvYGpG3Z2ctzqt/od.6lw7LSuhDMap0doFvKk0c8wrW4VH9cC', 2, '2017-12-01 23:41:47', 'tima'),
(20, 'marys', '$2y$10$Vb5xW4W.JrlrHVNYVrk95e3mL9kOvkgWZOwXQsS9pT3FEzWh27yIK', 2, '2017-12-01 23:41:47', 'tima'),
(21, 'carolyns', '$2y$10$eblTpMciyXpjROh1gu8OweTKZlODhUAAW9iyx4b8YVhDaTWXn/FM.', 2, '2017-12-01 23:41:47', 'tima');

-- --------------------------------------------------------

--
-- Table structure for table `shift_login_tbl_user_auth`
--

CREATE TABLE `shift_login_tbl_user_auth` (
  `id` int(11) NOT NULL,
  `state` varchar(255) COLLATE utf8_unicode_ci NOT NULL
) ENGINE=InnoDB DEFAULT CHARSET=utf8 COLLATE=utf8_unicode_ci;

--
-- Dumping data for table `shift_login_tbl_user_auth`
--

INSERT INTO `shift_login_tbl_user_auth` (`id`, `state`) VALUES
(1, 'inactive'),
(2, 'active'),
(3, 'viewonly'),
(4, 'admin');

-- --------------------------------------------------------

--
-- Table structure for table `shift_tracker_tbl_assignment`
--

CREATE TABLE `shift_tracker_tbl_assignment` (
  `id` int(11) NOT NULL,
  `assignment` varchar(60) COLLATE utf8_unicode_ci DEFAULT NULL
) ENGINE=InnoDB DEFAULT CHARSET=utf8 COLLATE=utf8_unicode_ci;

--
-- Dumping data for table `shift_tracker_tbl_assignment`
--

INSERT INTO `shift_tracker_tbl_assignment` (`id`, `assignment`) VALUES
(1, 'A'),
(5, 'A/B'),
(8, 'A/B/C'),
(7, 'A/C'),
(2, 'B'),
(6, 'B/C'),
(3, 'C'),
(4, 'Float');

-- --------------------------------------------------------

--
-- Table structure for table `shift_tracker_tbl_shift_entry`
--

CREATE TABLE `shift_tracker_tbl_shift_entry` (
  `id` int(11) NOT NULL,
  `shift_date` date NOT NULL,
  `staff_id` int(11) NOT NULL,
  `role_id` int(11) NOT NULL,
  `assignment_id` int(11) NOT NULL,
  `bool_doubled` tinyint(1) DEFAULT NULL COMMENT '0 = no, 1 = yes',
  `bool_vented` tinyint(1) DEFAULT NULL COMMENT '0 = no vent, 1 = yes vent',
  `bool_new_admit` tinyint(1) DEFAULT NULL COMMENT '0 = no, 1 = yes',
  `bool_very_sick` tinyint(1) DEFAULT NULL COMMENT '0 = no, 1 = yes',
  `bool_code_pager` tinyint(1) DEFAULT NULL COMMENT '0 = no, 1 = yes',
  `bool_crrt` tinyint(1) NOT NULL DEFAULT '0' COMMENT '0 = no, 1 = yes',
  `bool_burn` tinyint(1) NOT NULL DEFAULT '0' COMMENT '0 = no, 1 = yes',
  `bool_evd` tinyint(1) NOT NULL DEFAULT '0' COMMENT '0 = no, 1 = yes',
  `bool_day_or_night` tinyint(1) DEFAULT NULL COMMENT '0 = day, 1 = night',
  `added_timestamp` timestamp NOT NULL DEFAULT CURRENT_TIMESTAMP,
  `added_by` varchar(30) COLLATE utf8_unicode_ci NOT NULL
) ENGINE=InnoDB DEFAULT CHARSET=utf8 COLLATE=utf8_unicode_ci;

--
-- Dumping data for table `shift_tracker_tbl_shift_entry`
--

INSERT INTO `shift_tracker_tbl_shift_entry` (`id`, `shift_date`, `staff_id`, `role_id`, `assignment_id`, `bool_doubled`, `bool_vented`, `bool_new_admit`, `bool_very_sick`, `bool_code_pager`, `bool_crrt`, `bool_burn`, `bool_evd`, `bool_day_or_night`, `added_timestamp`, `added_by`) VALUES
(1, '2017-02-02', 27, 5, 2, 0, 1, 0, 0, 0, 0, 0, 0, 0, '2017-12-01 23:44:37', 'tima'),
(2, '2017-03-08', 25, 5, 1, 0, 1, 0, 0, 0, 0, 0, 0, 0, '2017-12-01 23:44:37', 'tima'),
(3, '2017-07-07', 7, 5, 2, 0, 1, 0, 0, 0, 0, 0, 0, 0, '2017-12-01 23:44:37', 'tima'),
(4, '2017-06-03', 16, 5, 2, 0, 1, 0, 0, 0, 0, 0, 0, 0, '2017-12-01 23:44:37', 'tima'),
(5, '2017-02-12', 28, 5, 2, 0, 1, 0, 0, 0, 0, 0, 0, 0, '2017-12-01 23:44:37', 'tima'),
(6, '2017-07-12', 21, 5, 1, 0, 1, 0, 0, 0, 0, 0, 0, 0, '2017-12-01 23:44:37', 'tima'),
(7, '2017-04-02', 17, 5, 2, 0, 1, 0, 0, 0, 0, 0, 0, 0, '2017-12-01 23:44:37', 'tima'),
(8, '2017-01-19', 26, 5, 1, 0, 1, 0, 0, 0, 0, 0, 0, 0, '2017-12-01 23:44:37', 'tima'),
(10, '2017-07-15', 15, 5, 1, 0, 1, 0, 0, 0, 0, 0, 0, 0, '2017-12-01 23:44:37', 'tima'),
(11, '2017-05-22', 5, 5, 2, 0, 1, 0, 0, 0, 0, 0, 0, 0, '2017-12-01 23:44:37', 'tima'),
(12, '2017-05-02', 14, 5, 2, 0, 1, 0, 0, 0, 0, 0, 0, 0, '2017-12-01 23:44:37', 'tima'),
(13, '2017-07-18', 8, 5, 2, 0, 1, 0, 0, 0, 0, 0, 0, 0, '2017-12-01 23:44:37', 'tima'),
(15, '2017-04-15', 22, 5, 2, 0, 1, 0, 0, 0, 0, 0, 0, 0, '2017-12-01 23:44:37', 'tima'),
(16, '2017-05-16', 26, 5, 1, 0, 1, 0, 0, 0, 0, 0, 0, 0, '2017-12-01 23:44:37', 'tima'),
(17, '2017-05-14', 3, 5, 1, 0, 1, 0, 0, 0, 0, 0, 0, 0, '2017-12-01 23:44:37', 'tima'),
(18, '2017-05-25', 13, 5, 2, 0, 1, 0, 0, 0, 0, 0, 0, 0, '2017-12-01 23:44:37', 'tima'),
(19, '2017-06-30', 23, 5, 2, 0, 1, 0, 0, 0, 0, 0, 0, 0, '2017-12-01 23:44:37', 'tima'),
(20, '2017-02-05', 4, 5, 1, 0, 1, 0, 0, 0, 0, 0, 0, 0, '2017-12-01 23:44:37', 'tima'),
(21, '2017-04-17', 4, 5, 1, 0, 1, 0, 0, 0, 0, 0, 0, 0, '2017-12-01 23:44:37', 'tima'),
(22, '2017-05-19', 19, 5, 2, 0, 1, 0, 0, 0, 0, 0, 0, 0, '2017-12-01 23:44:37', 'tima'),
(24, '2017-01-10', 14, 5, 1, 0, 1, 0, 0, 0, 0, 0, 0, 0, '2017-12-01 23:44:37', 'tima'),
(25, '2017-06-10', 24, 5, 1, 0, 1, 0, 0, 0, 0, 0, 0, 0, '2017-12-01 23:44:37', 'tima'),
(26, '2017-07-06', 21, 5, 2, 0, 1, 0, 0, 0, 0, 0, 0, 0, '2017-12-01 23:44:37', 'tima'),
(27, '2017-01-10', 22, 5, 2, 0, 1, 0, 0, 0, 0, 0, 0, 0, '2017-12-01 23:44:37', 'tima'),
(28, '2017-06-08', 25, 5, 1, 0, 1, 0, 0, 0, 0, 0, 0, 0, '2017-12-01 23:44:37', 'tima'),
(29, '2017-03-15', 26, 5, 2, 0, 1, 0, 0, 0, 0, 0, 0, 0, '2017-12-01 23:44:37', 'tima'),
(30, '2017-04-20', 6, 5, 2, 0, 1, 0, 0, 0, 0, 0, 0, 0, '2017-12-01 23:44:37', 'tima'),
(31, '2017-07-02', 9, 5, 2, 0, 1, 0, 0, 0, 0, 0, 0, 0, '2017-12-01 23:44:37', 'tima'),
(32, '2017-05-25', 9, 5, 2, 0, 1, 0, 0, 0, 0, 0, 0, 0, '2017-12-01 23:44:37', 'tima'),
(33, '2017-07-24', 28, 5, 1, 0, 1, 0, 0, 0, 0, 0, 0, 0, '2017-12-01 23:44:37', 'tima'),
(34, '2017-01-10', 25, 5, 1, 0, 1, 0, 0, 0, 0, 0, 0, 0, '2017-12-01 23:44:37', 'tima'),
(35, '2017-01-26', 19, 5, 2, 0, 1, 0, 0, 0, 0, 0, 0, 0, '2017-12-01 23:44:37', 'tima'),
(36, '2017-03-13', 14, 5, 2, 0, 1, 0, 0, 0, 0, 0, 0, 0, '2017-12-01 23:44:37', 'tima'),
(37, '2017-05-23', 27, 5, 2, 0, 1, 0, 0, 0, 0, 0, 0, 0, '2017-12-01 23:44:37', 'tima'),
(38, '2017-06-10', 2, 5, 2, 0, 1, 0, 0, 0, 0, 0, 0, 0, '2017-12-01 23:44:37', 'tima'),
(39, '2017-03-09', 24, 5, 2, 0, 1, 0, 0, 0, 0, 0, 0, 0, '2017-12-01 23:44:37', 'tima'),
(40, '2017-06-10', 7, 5, 1, 0, 1, 0, 0, 0, 0, 0, 0, 0, '2017-12-01 23:44:37', 'tima'),
(41, '2017-06-19', 17, 5, 2, 0, 1, 0, 0, 0, 0, 0, 0, 0, '2017-12-01 23:44:37', 'tima'),
(42, '2017-01-14', 22, 5, 2, 0, 1, 0, 0, 0, 0, 0, 0, 0, '2017-12-01 23:44:37', 'tima'),
(43, '2017-02-23', 26, 5, 2, 0, 1, 0, 0, 0, 0, 0, 0, 0, '2017-12-01 23:44:37', 'tima'),
(44, '2017-01-20', 19, 5, 2, 0, 1, 0, 0, 0, 0, 0, 0, 0, '2017-12-01 23:44:37', 'tima'),
(45, '2017-03-19', 3, 5, 1, 0, 1, 0, 0, 0, 0, 0, 0, 0, '2017-12-01 23:44:37', 'tima'),
(46, '2017-03-09', 8, 5, 2, 0, 1, 0, 0, 0, 0, 0, 0, 0, '2017-12-01 23:44:37', 'tima'),
(47, '2017-07-11', 19, 5, 1, 0, 1, 0, 0, 0, 0, 0, 0, 0, '2017-12-01 23:44:37', 'tima'),
(48, '2017-07-19', 5, 5, 2, 0, 1, 0, 0, 0, 0, 0, 0, 0, '2017-12-01 23:44:37', 'tima'),
(49, '2017-06-13', 23, 5, 2, 0, 1, 0, 0, 0, 0, 0, 0, 0, '2017-12-01 23:44:37', 'tima'),
(50, '2017-02-26', 15, 5, 2, 0, 1, 0, 0, 0, 0, 0, 0, 0, '2017-12-01 23:44:37', 'tima'),
(51, '2017-03-26', 5, 5, 2, 0, 1, 0, 0, 0, 0, 0, 0, 0, '2017-12-01 23:44:37', 'tima'),
(52, '2017-01-11', 22, 5, 2, 0, 1, 0, 0, 0, 0, 0, 0, 0, '2017-12-01 23:44:37', 'tima'),
(53, '2017-01-19', 13, 5, 2, 0, 1, 0, 0, 0, 0, 0, 0, 0, '2017-12-01 23:44:37', 'tima'),
(54, '2017-07-12', 3, 5, 2, 0, 1, 0, 0, 0, 0, 0, 0, 0, '2017-12-01 23:44:37', 'tima'),
(56, '2017-02-18', 2, 5, 2, 0, 1, 0, 0, 0, 0, 0, 0, 0, '2017-12-01 23:44:37', 'tima'),
(57, '2017-02-21', 9, 5, 1, 0, 1, 0, 0, 0, 0, 0, 0, 0, '2017-12-01 23:44:37', 'tima'),
(58, '2017-04-05', 15, 5, 2, 0, 1, 0, 0, 0, 0, 0, 0, 0, '2017-12-01 23:44:37', 'tima'),
(59, '2017-06-27', 26, 5, 1, 0, 1, 0, 0, 0, 0, 0, 0, 0, '2017-12-01 23:44:37', 'tima'),
(60, '2017-02-27', 22, 5, 1, 0, 1, 0, 0, 0, 0, 0, 0, 0, '2017-12-01 23:44:37', 'tima'),
(61, '2017-03-19', 22, 5, 1, 0, 1, 0, 0, 0, 0, 0, 0, 0, '2017-12-01 23:44:37', 'tima'),
(62, '2017-01-03', 13, 5, 2, 0, 1, 0, 0, 0, 0, 0, 0, 0, '2017-12-01 23:44:37', 'tima'),
(63, '2017-01-17', 2, 5, 2, 0, 1, 0, 0, 0, 0, 0, 0, 0, '2017-12-01 23:44:37', 'tima'),
(64, '2017-03-20', 24, 5, 1, 0, 1, 0, 0, 0, 0, 0, 0, 0, '2017-12-01 23:44:37', 'tima'),
(65, '2017-07-10', 28, 5, 2, 0, 1, 0, 0, 0, 0, 0, 0, 0, '2017-12-01 23:44:37', 'tima'),
(66, '2017-01-23', 21, 5, 1, 0, 1, 0, 0, 0, 0, 0, 0, 0, '2017-12-01 23:44:37', 'tima'),
(67, '2017-03-31', 13, 5, 2, 0, 1, 0, 0, 0, 0, 0, 0, 0, '2017-12-01 23:44:37', 'tima'),
(68, '2017-02-12', 2, 5, 1, 0, 1, 0, 0, 0, 0, 0, 0, 0, '2017-12-01 23:44:37', 'tima'),
(69, '2017-03-28', 23, 5, 1, 0, 1, 0, 0, 0, 0, 0, 0, 0, '2017-12-01 23:44:37', 'tima'),
(70, '2017-07-20', 22, 5, 1, 0, 1, 0, 0, 0, 0, 0, 0, 0, '2017-12-01 23:44:37', 'tima'),
(71, '2017-04-07', 4, 5, 2, 0, 1, 0, 0, 0, 0, 0, 0, 0, '2017-12-01 23:44:37', 'tima'),
(72, '2017-01-13', 10, 5, 2, 0, 1, 0, 0, 0, 0, 0, 0, 0, '2017-12-01 23:44:37', 'tima'),
(73, '2017-05-30', 21, 5, 2, 0, 1, 0, 0, 0, 0, 0, 0, 0, '2017-12-01 23:44:37', 'tima'),
(74, '2017-02-16', 11, 5, 2, 0, 1, 0, 0, 0, 0, 0, 0, 0, '2017-12-01 23:44:37', 'tima'),
(75, '2017-05-11', 12, 5, 1, 0, 1, 0, 0, 0, 0, 0, 0, 0, '2017-12-01 23:44:37', 'tima'),
(76, '2017-06-16', 23, 5, 1, 0, 1, 0, 0, 0, 0, 0, 0, 0, '2017-12-01 23:44:37', 'tima'),
(77, '2017-03-17', 29, 5, 1, 0, 1, 0, 0, 0, 0, 0, 0, 0, '2017-12-01 23:44:37', 'tima'),
(78, '2017-05-05', 29, 5, 1, 0, 1, 0, 0, 0, 0, 0, 0, 0, '2017-12-01 23:44:37', 'tima'),
(79, '2017-02-19', 4, 5, 2, 0, 1, 0, 0, 0, 0, 0, 0, 0, '2017-12-01 23:44:37', 'tima'),
(80, '2017-03-06', 7, 5, 1, 0, 1, 0, 0, 0, 0, 0, 0, 0, '2017-12-01 23:44:37', 'tima'),
(81, '2017-03-29', 13, 5, 2, 0, 1, 0, 0, 0, 0, 0, 0, 0, '2017-12-01 23:44:37', 'tima'),
(82, '2017-05-04', 28, 5, 1, 0, 1, 0, 0, 0, 0, 0, 0, 0, '2017-12-01 23:44:37', 'tima'),
(83, '2017-06-16', 28, 5, 1, 0, 1, 0, 0, 0, 0, 0, 0, 0, '2017-12-01 23:44:37', 'tima'),
(84, '2017-02-06', 20, 5, 1, 0, 1, 0, 0, 0, 0, 0, 0, 0, '2017-12-01 23:44:37', 'tima'),
(85, '2017-06-15', 27, 5, 1, 0, 1, 0, 0, 0, 0, 0, 0, 0, '2017-12-01 23:44:37', 'tima'),
(86, '2017-04-22', 20, 5, 2, 0, 1, 0, 0, 0, 0, 0, 0, 0, '2017-12-01 23:44:37', 'tima'),
(87, '2017-06-11', 21, 5, 2, 0, 1, 0, 0, 0, 0, 0, 0, 0, '2017-12-01 23:44:37', 'tima'),
(88, '2017-03-14', 6, 5, 1, 0, 1, 0, 0, 0, 0, 0, 0, 0, '2017-12-01 23:44:37', 'tima'),
(89, '2017-03-29', 10, 5, 1, 0, 1, 0, 0, 0, 0, 0, 0, 0, '2017-12-01 23:44:37', 'tima'),
(90, '2017-03-12', 16, 5, 1, 0, 1, 0, 0, 0, 0, 0, 0, 0, '2017-12-01 23:44:37', 'tima'),
(91, '2017-05-11', 26, 5, 2, 0, 1, 0, 0, 0, 0, 0, 0, 0, '2017-12-01 23:44:37', 'tima'),
(92, '2017-05-15', 24, 5, 1, 0, 1, 0, 0, 0, 0, 0, 0, 0, '2017-12-01 23:44:37', 'tima'),
(93, '2017-04-06', 27, 5, 2, 0, 1, 0, 0, 0, 0, 0, 0, 0, '2017-12-01 23:44:37', 'tima'),
(94, '2017-03-21', 23, 5, 1, 0, 1, 0, 0, 0, 0, 0, 0, 0, '2017-12-01 23:44:37', 'tima'),
(95, '2017-04-26', 24, 5, 2, 0, 1, 0, 0, 0, 0, 0, 0, 0, '2017-12-01 23:44:37', 'tima'),
(96, '2017-03-03', 17, 5, 2, 0, 1, 0, 0, 0, 0, 0, 0, 0, '2017-12-01 23:44:37', 'tima'),
(97, '2017-03-31', 27, 5, 1, 0, 1, 0, 0, 0, 0, 0, 0, 0, '2017-12-01 23:44:37', 'tima'),
(98, '2017-06-10', 19, 5, 1, 0, 1, 0, 0, 0, 0, 0, 0, 0, '2017-12-01 23:44:37', 'tima'),
(99, '2017-01-06', 16, 5, 1, 0, 1, 0, 0, 0, 0, 0, 0, 0, '2017-12-01 23:44:37', 'tima'),
(100, '2017-03-17', 25, 5, 1, 0, 1, 0, 0, 0, 0, 0, 0, 0, '2017-12-01 23:44:37', 'tima'),
(101, '2017-02-25', 12, 5, 1, 0, 1, 0, 0, 0, 0, 0, 0, 0, '2017-12-01 23:44:37', 'tima'),
(102, '2017-06-27', 24, 5, 2, 0, 1, 0, 0, 0, 0, 0, 0, 0, '2017-12-01 23:44:37', 'tima'),
(103, '2017-05-04', 12, 5, 1, 0, 1, 0, 0, 0, 0, 0, 0, 0, '2017-12-01 23:44:37', 'tima'),
(104, '2017-07-02', 11, 5, 1, 0, 1, 0, 0, 0, 0, 0, 0, 0, '2017-12-01 23:44:37', 'tima'),
(105, '2017-06-09', 23, 5, 2, 0, 1, 0, 0, 0, 0, 0, 0, 0, '2017-12-01 23:44:37', 'tima'),
(106, '2017-02-10', 29, 5, 1, 0, 1, 0, 0, 0, 0, 0, 0, 0, '2017-12-01 23:44:37', 'tima'),
(108, '2017-06-26', 28, 5, 2, 0, 1, 0, 0, 0, 0, 0, 0, 0, '2017-12-01 23:44:37', 'tima'),
(109, '2017-06-30', 16, 5, 1, 0, 1, 0, 0, 0, 0, 0, 0, 0, '2017-12-01 23:44:37', 'tima'),
(110, '2017-03-05', 26, 5, 2, 0, 1, 0, 0, 0, 0, 0, 0, 0, '2017-12-01 23:44:37', 'tima'),
(111, '2017-07-17', 29, 5, 2, 0, 1, 0, 0, 0, 0, 0, 0, 0, '2017-12-01 23:44:37', 'tima'),
(112, '2017-01-24', 25, 5, 1, 0, 1, 0, 0, 0, 0, 0, 0, 0, '2017-12-01 23:44:37', 'tima'),
(113, '2017-02-27', 16, 5, 1, 0, 1, 0, 0, 0, 0, 0, 0, 0, '2017-12-01 23:44:37', 'tima'),
(114, '2017-04-27', 10, 5, 2, 0, 1, 0, 0, 0, 0, 0, 0, 0, '2017-12-01 23:44:37', 'tima'),
(115, '2017-01-22', 14, 5, 2, 0, 1, 0, 0, 0, 0, 0, 0, 0, '2017-12-01 23:44:37', 'tima'),
(116, '2017-02-18', 25, 5, 1, 0, 1, 0, 0, 0, 0, 0, 0, 0, '2017-12-01 23:44:37', 'tima'),
(117, '2017-04-15', 11, 5, 1, 0, 1, 0, 0, 0, 0, 0, 0, 0, '2017-12-01 23:44:37', 'tima'),
(118, '2017-03-30', 19, 5, 2, 0, 1, 0, 0, 0, 0, 0, 0, 0, '2017-12-01 23:44:37', 'tima'),
(119, '2017-03-23', 5, 5, 1, 0, 1, 0, 0, 0, 0, 0, 0, 0, '2017-12-01 23:44:37', 'tima'),
(120, '2017-07-09', 20, 5, 2, 0, 1, 0, 0, 0, 0, 0, 0, 0, '2017-12-01 23:44:37', 'tima'),
(121, '2017-05-23', 9, 5, 2, 0, 1, 0, 0, 0, 0, 0, 0, 0, '2017-12-01 23:44:37', 'tima'),
(122, '2017-04-18', 13, 5, 1, 0, 1, 0, 0, 0, 0, 0, 0, 0, '2017-12-01 23:44:37', 'tima'),
(123, '2017-06-23', 4, 5, 2, 0, 1, 0, 0, 0, 0, 0, 0, 0, '2017-12-01 23:44:37', 'tima'),
(125, '2017-05-05', 8, 5, 1, 0, 1, 0, 0, 0, 0, 0, 0, 0, '2017-12-01 23:44:37', 'tima'),
(127, '2017-06-07', 19, 5, 1, 0, 1, 0, 0, 0, 0, 0, 0, 0, '2017-12-01 23:44:37', 'tima'),
(128, '2017-02-18', 9, 5, 1, 0, 1, 0, 0, 0, 0, 0, 0, 0, '2017-12-01 23:44:37', 'tima'),
(129, '2017-06-12', 13, 5, 2, 0, 1, 0, 0, 0, 0, 0, 0, 0, '2017-12-01 23:44:37', 'tima'),
(130, '2017-05-14', 16, 5, 1, 0, 1, 0, 0, 0, 0, 0, 0, 0, '2017-12-01 23:44:37', 'tima'),
(131, '2017-06-28', 19, 5, 2, 0, 1, 0, 0, 0, 0, 0, 0, 0, '2017-12-01 23:44:37', 'tima'),
(132, '2017-05-30', 10, 5, 2, 0, 1, 0, 0, 0, 0, 0, 0, 0, '2017-12-01 23:44:37', 'tima'),
(133, '2017-01-20', 16, 5, 2, 0, 1, 0, 0, 0, 0, 0, 0, 0, '2017-12-01 23:44:37', 'tima'),
(134, '2017-04-15', 24, 5, 2, 0, 1, 0, 0, 0, 0, 0, 0, 0, '2017-12-01 23:44:37', 'tima'),
(135, '2017-04-10', 14, 5, 1, 0, 1, 0, 0, 0, 0, 0, 0, 0, '2017-12-01 23:44:37', 'tima'),
(136, '2017-03-13', 23, 5, 1, 0, 1, 0, 0, 0, 0, 0, 0, 0, '2017-12-01 23:44:37', 'tima'),
(137, '2017-02-05', 21, 5, 1, 0, 1, 0, 0, 0, 0, 0, 0, 0, '2017-12-01 23:44:37', 'tima'),
(138, '2017-05-04', 13, 5, 2, 0, 1, 0, 0, 0, 0, 0, 0, 0, '2017-12-01 23:44:37', 'tima'),
(139, '2017-02-05', 15, 5, 1, 0, 1, 0, 0, 0, 0, 0, 0, 0, '2017-12-01 23:44:37', 'tima'),
(140, '2017-06-13', 7, 5, 1, 0, 1, 0, 0, 0, 0, 0, 0, 0, '2017-12-01 23:44:37', 'tima'),
(141, '2017-05-13', 25, 5, 2, 0, 1, 0, 0, 0, 0, 0, 0, 0, '2017-12-01 23:44:37', 'tima'),
(142, '2017-01-09', 7, 5, 1, 0, 1, 0, 0, 0, 0, 0, 0, 0, '2017-12-01 23:44:37', 'tima'),
(143, '2017-03-29', 17, 5, 1, 0, 1, 0, 0, 0, 0, 0, 0, 0, '2017-12-01 23:44:37', 'tima'),
(144, '2017-06-17', 19, 5, 1, 0, 1, 0, 0, 0, 0, 0, 0, 0, '2017-12-01 23:44:37', 'tima'),
(145, '2017-05-26', 23, 5, 2, 0, 1, 0, 0, 0, 0, 0, 0, 0, '2017-12-01 23:44:37', 'tima'),
(146, '2017-03-10', 19, 5, 1, 0, 1, 0, 0, 0, 0, 0, 0, 0, '2017-12-01 23:44:37', 'tima'),
(147, '2017-03-08', 6, 5, 1, 0, 1, 0, 0, 0, 0, 0, 0, 0, '2017-12-01 23:44:37', 'tima'),
(148, '2017-02-28', 8, 5, 1, 0, 1, 0, 0, 0, 0, 0, 0, 0, '2017-12-01 23:44:37', 'tima'),
(149, '2017-04-30', 11, 5, 2, 0, 1, 0, 0, 0, 0, 0, 0, 0, '2017-12-01 23:44:37', 'tima'),
(150, '2017-03-02', 16, 5, 2, 0, 1, 0, 0, 0, 0, 0, 0, 0, '2017-12-01 23:44:37', 'tima'),
(151, '2017-04-26', 17, 5, 1, 0, 1, 0, 0, 0, 0, 0, 0, 0, '2017-12-01 23:44:37', 'tima'),
(152, '2017-03-15', 6, 5, 1, 0, 1, 0, 0, 0, 0, 0, 0, 0, '2017-12-01 23:44:37', 'tima'),
(153, '2017-05-23', 28, 5, 2, 0, 1, 0, 0, 0, 0, 0, 0, 0, '2017-12-01 23:44:37', 'tima'),
(154, '2017-04-01', 22, 5, 1, 0, 1, 0, 0, 0, 0, 0, 0, 0, '2017-12-01 23:44:37', 'tima'),
(155, '2017-01-13', 2, 5, 1, 0, 1, 0, 0, 0, 0, 0, 0, 0, '2017-12-01 23:44:37', 'tima'),
(156, '2017-04-03', 10, 5, 2, 0, 1, 0, 0, 0, 0, 0, 0, 0, '2017-12-01 23:44:37', 'tima'),
(157, '2017-06-17', 14, 5, 2, 0, 1, 0, 0, 0, 0, 0, 0, 0, '2017-12-01 23:44:37', 'tima'),
(158, '2017-07-23', 25, 5, 2, 0, 1, 0, 0, 0, 0, 0, 0, 0, '2017-12-01 23:44:37', 'tima'),
(159, '2017-01-25', 9, 5, 2, 0, 1, 0, 0, 0, 0, 0, 0, 0, '2017-12-01 23:44:37', 'tima'),
(160, '2017-03-08', 10, 5, 1, 0, 1, 0, 0, 0, 0, 0, 0, 0, '2017-12-01 23:44:37', 'tima'),
(161, '2017-07-03', 11, 5, 2, 0, 1, 0, 0, 0, 0, 0, 0, 0, '2017-12-01 23:44:37', 'tima'),
(162, '2017-05-19', 24, 5, 1, 0, 1, 0, 0, 0, 0, 0, 0, 0, '2017-12-01 23:44:37', 'tima'),
(163, '2017-06-14', 28, 5, 2, 0, 1, 0, 0, 0, 0, 0, 0, 0, '2017-12-01 23:44:37', 'tima'),
(165, '2017-01-20', 6, 5, 2, 0, 1, 0, 0, 0, 0, 0, 0, 0, '2017-12-01 23:44:37', 'tima'),
(166, '2017-07-05', 16, 5, 1, 0, 1, 0, 0, 0, 0, 0, 0, 0, '2017-12-01 23:44:37', 'tima'),
(167, '2017-06-25', 12, 5, 2, 0, 1, 0, 0, 0, 0, 0, 0, 0, '2017-12-01 23:44:37', 'tima'),
(168, '2017-07-23', 22, 5, 2, 0, 1, 0, 0, 0, 0, 0, 0, 0, '2017-12-01 23:44:37', 'tima'),
(169, '2017-01-30', 7, 5, 1, 0, 1, 0, 0, 0, 0, 0, 0, 0, '2017-12-01 23:44:37', 'tima'),
(170, '2017-07-10', 9, 5, 1, 0, 1, 0, 0, 0, 0, 0, 0, 0, '2017-12-01 23:44:37', 'tima'),
(171, '2017-03-29', 29, 5, 2, 0, 1, 0, 0, 0, 0, 0, 0, 0, '2017-12-01 23:44:37', 'tima'),
(172, '2017-05-17', 28, 5, 1, 0, 1, 0, 0, 0, 0, 0, 0, 0, '2017-12-01 23:44:37', 'tima'),
(173, '2017-05-11', 27, 5, 1, 0, 1, 0, 0, 0, 0, 0, 0, 0, '2017-12-01 23:44:37', 'tima'),
(174, '2017-01-09', 18, 5, 1, 0, 1, 0, 0, 0, 0, 0, 0, 0, '2017-12-01 23:44:37', 'tima'),
(175, '2017-06-04', 26, 5, 1, 0, 1, 0, 0, 0, 0, 0, 0, 0, '2017-12-01 23:44:37', 'tima'),
(176, '2017-03-20', 13, 5, 2, 0, 1, 0, 0, 0, 0, 0, 0, 0, '2017-12-01 23:44:37', 'tima'),
(177, '2017-06-11', 29, 5, 1, 0, 1, 0, 0, 0, 0, 0, 0, 0, '2017-12-01 23:44:37', 'tima'),
(178, '2017-03-25', 5, 5, 1, 0, 1, 0, 0, 0, 0, 0, 0, 0, '2017-12-01 23:44:37', 'tima'),
(179, '2017-06-27', 8, 5, 2, 0, 1, 0, 0, 0, 0, 0, 0, 0, '2017-12-01 23:44:37', 'tima'),
(180, '2017-04-21', 27, 5, 1, 0, 1, 0, 0, 0, 0, 0, 0, 0, '2017-12-01 23:44:37', 'tima'),
(181, '2017-03-15', 20, 5, 2, 0, 1, 0, 0, 0, 0, 0, 0, 0, '2017-12-01 23:44:37', 'tima'),
(182, '2017-01-24', 5, 5, 2, 0, 1, 0, 0, 0, 0, 0, 0, 0, '2017-12-01 23:44:37', 'tima'),
(183, '2017-04-09', 9, 5, 2, 0, 1, 0, 0, 0, 0, 0, 0, 0, '2017-12-01 23:44:37', 'tima'),
(184, '2017-01-13', 17, 5, 2, 0, 1, 0, 0, 0, 0, 0, 0, 0, '2017-12-01 23:44:37', 'tima'),
(185, '2017-04-23', 24, 5, 1, 0, 1, 0, 0, 0, 0, 0, 0, 0, '2017-12-01 23:44:37', 'tima'),
(186, '2017-04-18', 29, 4, 4, 0, 0, 0, 0, 0, 0, 0, 0, 0, '2017-12-01 23:44:37', 'tima'),
(187, '2017-04-05', 21, 5, 1, 0, 1, 0, 0, 0, 0, 0, 0, 0, '2017-12-01 23:44:37', 'tima'),
(188, '2017-05-30', 22, 5, 2, 0, 1, 0, 0, 0, 0, 0, 0, 0, '2017-12-01 23:44:37', 'tima'),
(189, '2017-02-13', 29, 5, 1, 0, 1, 0, 0, 0, 0, 0, 0, 0, '2017-12-01 23:44:37', 'tima'),
(190, '2017-06-11', 2, 5, 1, 0, 1, 0, 0, 0, 0, 0, 0, 0, '2017-12-01 23:44:37', 'tima'),
(191, '2017-07-10', 17, 5, 1, 0, 1, 0, 0, 0, 0, 0, 0, 0, '2017-12-01 23:44:37', 'tima'),
(193, '2017-02-24', 19, 5, 1, 0, 1, 0, 0, 0, 0, 0, 0, 0, '2017-12-01 23:44:37', 'tima'),
(194, '2017-07-13', 7, 5, 1, 0, 1, 0, 0, 0, 0, 0, 0, 0, '2017-12-01 23:44:37', 'tima'),
(195, '2017-04-07', 6, 5, 2, 0, 1, 0, 0, 0, 0, 0, 0, 0, '2017-12-01 23:44:37', 'tima'),
(196, '2017-02-07', 28, 5, 2, 0, 1, 0, 0, 0, 0, 0, 0, 0, '2017-12-01 23:44:37', 'tima'),
(197, '2017-06-02', 27, 5, 2, 0, 1, 0, 0, 0, 0, 0, 0, 0, '2017-12-01 23:44:37', 'tima'),
(198, '2017-05-03', 19, 5, 1, 0, 1, 0, 0, 0, 0, 0, 0, 0, '2017-12-01 23:44:37', 'tima'),
(199, '2017-06-07', 12, 5, 1, 0, 1, 0, 0, 0, 0, 0, 0, 0, '2017-12-01 23:44:37', 'tima'),
(200, '2017-02-26', 20, 5, 1, 0, 1, 0, 0, 0, 0, 0, 0, 0, '2017-12-01 23:44:37', 'tima'),
(201, '2017-06-26', 12, 5, 2, 0, 1, 0, 0, 0, 0, 0, 0, 0, '2017-12-01 23:44:37', 'tima'),
(202, '2017-04-28', 6, 5, 2, 0, 1, 0, 0, 0, 0, 0, 0, 0, '2017-12-01 23:44:37', 'tima'),
(203, '2017-05-30', 26, 5, 2, 0, 1, 0, 0, 0, 0, 0, 0, 0, '2017-12-01 23:44:37', 'tima'),
(204, '2017-04-10', 24, 5, 2, 0, 1, 0, 0, 0, 0, 0, 0, 0, '2017-12-01 23:44:37', 'tima'),
(205, '2017-01-16', 5, 5, 1, 0, 1, 0, 0, 0, 0, 0, 0, 0, '2017-12-01 23:44:37', 'tima'),
(206, '2017-06-04', 8, 5, 1, 0, 1, 0, 0, 0, 0, 0, 0, 0, '2017-12-01 23:44:37', 'tima'),
(207, '2017-03-09', 11, 5, 2, 0, 1, 0, 0, 0, 0, 0, 0, 0, '2017-12-01 23:44:37', 'tima'),
(208, '2017-05-27', 9, 5, 2, 0, 1, 0, 0, 0, 0, 0, 0, 0, '2017-12-01 23:44:37', 'tima'),
(209, '2017-05-24', 25, 5, 2, 0, 1, 0, 0, 0, 0, 0, 0, 0, '2017-12-01 23:44:37', 'tima'),
(210, '2017-01-10', 21, 5, 1, 0, 1, 0, 0, 0, 0, 0, 0, 0, '2017-12-01 23:44:37', 'tima'),
(211, '2017-07-20', 10, 5, 2, 0, 1, 0, 0, 0, 0, 0, 0, 0, '2017-12-01 23:44:37', 'tima'),
(212, '2017-04-17', 2, 5, 2, 0, 1, 0, 0, 0, 0, 0, 0, 0, '2017-12-01 23:44:37', 'tima'),
(213, '2017-07-04', 3, 5, 1, 0, 1, 0, 0, 0, 0, 0, 0, 0, '2017-12-01 23:44:37', 'tima'),
(214, '2017-04-24', 4, 5, 1, 0, 1, 0, 0, 0, 0, 0, 0, 0, '2017-12-01 23:44:37', 'tima'),
(215, '2017-05-18', 28, 5, 1, 0, 1, 0, 0, 0, 0, 0, 0, 0, '2017-12-01 23:44:37', 'tima'),
(216, '2017-04-28', 20, 5, 1, 0, 1, 0, 0, 0, 0, 0, 0, 0, '2017-12-01 23:44:37', 'tima'),
(217, '2017-06-01', 25, 5, 1, 0, 1, 0, 0, 0, 0, 0, 0, 0, '2017-12-01 23:44:37', 'tima'),
(218, '2017-05-26', 10, 5, 1, 0, 1, 0, 0, 0, 0, 0, 0, 0, '2017-12-01 23:44:37', 'tima'),
(219, '2017-03-09', 5, 5, 2, 0, 1, 0, 0, 0, 0, 0, 0, 0, '2017-12-01 23:44:37', 'tima'),
(220, '2017-06-13', 26, 5, 1, 0, 1, 0, 0, 0, 0, 0, 0, 0, '2017-12-01 23:44:37', 'tima'),
(222, '2017-06-08', 10, 5, 1, 0, 1, 0, 0, 0, 0, 0, 0, 0, '2017-12-01 23:44:37', 'tima'),
(223, '2017-03-24', 17, 5, 2, 0, 1, 0, 0, 0, 0, 0, 0, 0, '2017-12-01 23:44:37', 'tima'),
(224, '2017-02-24', 14, 5, 2, 0, 1, 0, 0, 0, 0, 0, 0, 0, '2017-12-01 23:44:37', 'tima'),
(225, '2017-07-10', 11, 5, 2, 0, 1, 0, 0, 0, 0, 0, 0, 0, '2017-12-01 23:44:37', 'tima'),
(226, '2017-07-17', 16, 5, 1, 0, 1, 0, 0, 0, 0, 0, 0, 0, '2017-12-01 23:44:37', 'tima'),
(227, '2017-04-17', 12, 5, 2, 0, 1, 0, 0, 0, 0, 0, 0, 0, '2017-12-01 23:44:37', 'tima'),
(228, '2017-06-23', 29, 5, 2, 0, 1, 0, 0, 0, 0, 0, 0, 0, '2017-12-01 23:44:37', 'tima'),
(229, '2017-02-20', 25, 5, 2, 0, 1, 0, 0, 0, 0, 0, 0, 0, '2017-12-01 23:44:37', 'tima'),
(230, '2017-02-22', 29, 5, 2, 0, 1, 0, 0, 0, 0, 0, 0, 0, '2017-12-01 23:44:37', 'tima'),
(231, '2017-05-26', 11, 5, 2, 0, 1, 0, 0, 0, 0, 0, 0, 0, '2017-12-01 23:44:37', 'tima'),
(232, '2017-04-10', 4, 5, 1, 0, 1, 0, 0, 0, 0, 0, 0, 0, '2017-12-01 23:44:37', 'tima'),
(233, '2017-04-06', 8, 5, 2, 0, 1, 0, 0, 0, 0, 0, 0, 0, '2017-12-01 23:44:37', 'tima'),
(234, '2017-07-12', 8, 5, 1, 0, 1, 0, 0, 0, 0, 0, 0, 0, '2017-12-01 23:44:37', 'tima'),
(235, '2017-05-25', 5, 5, 2, 0, 1, 0, 0, 0, 0, 0, 0, 0, '2017-12-01 23:44:37', 'tima'),
(236, '2017-05-30', 15, 5, 2, 0, 1, 0, 0, 0, 0, 0, 0, 0, '2017-12-01 23:44:37', 'tima'),
(237, '2017-02-24', 27, 5, 1, 0, 1, 0, 0, 0, 0, 0, 0, 0, '2017-12-01 23:44:37', 'tima'),
(238, '2017-01-23', 4, 5, 2, 0, 1, 0, 0, 0, 0, 0, 0, 0, '2017-12-01 23:44:37', 'tima'),
(239, '2017-02-17', 28, 5, 2, 0, 1, 0, 0, 0, 0, 0, 0, 0, '2017-12-01 23:44:37', 'tima'),
(241, '2017-06-15', 19, 5, 2, 0, 1, 0, 0, 0, 0, 0, 0, 0, '2017-12-01 23:44:37', 'tima'),
(242, '2017-04-09', 19, 5, 2, 0, 1, 0, 0, 0, 0, 0, 0, 0, '2017-12-01 23:44:37', 'tima'),
(243, '2017-01-03', 22, 5, 1, 0, 1, 0, 0, 0, 0, 0, 0, 0, '2017-12-01 23:44:37', 'tima'),
(244, '2017-07-17', 25, 5, 1, 0, 1, 0, 0, 0, 0, 0, 0, 0, '2017-12-01 23:44:37', 'tima'),
(245, '2017-02-26', 6, 5, 1, 0, 1, 0, 0, 0, 0, 0, 0, 0, '2017-12-01 23:44:37', 'tima'),
(246, '2017-07-23', 26, 5, 1, 0, 1, 0, 0, 0, 0, 0, 0, 0, '2017-12-01 23:44:37', 'tima'),
(247, '2017-06-05', 28, 5, 2, 0, 1, 0, 0, 0, 0, 0, 0, 0, '2017-12-01 23:44:37', 'tima'),
(248, '2017-02-26', 10, 5, 1, 0, 1, 0, 0, 0, 0, 0, 0, 0, '2017-12-01 23:44:37', 'tima'),
(249, '2017-02-17', 2, 5, 1, 0, 1, 0, 0, 0, 0, 0, 0, 0, '2017-12-01 23:44:37', 'tima'),
(250, '2017-05-21', 27, 5, 1, 0, 1, 0, 0, 0, 0, 0, 0, 0, '2017-12-01 23:44:37', 'tima'),
(251, '2017-03-06', 22, 5, 1, 0, 1, 0, 0, 0, 0, 0, 0, 0, '2017-12-01 23:44:37', 'tima'),
(252, '2017-06-16', 29, 5, 1, 0, 1, 0, 0, 0, 0, 0, 0, 0, '2017-12-01 23:44:37', 'tima'),
(253, '2017-06-07', 18, 5, 1, 0, 1, 0, 0, 0, 0, 0, 0, 0, '2017-12-01 23:44:37', 'tima'),
(254, '2017-04-14', 7, 5, 1, 0, 1, 0, 0, 0, 0, 0, 0, 0, '2017-12-01 23:44:37', 'tima'),
(255, '2017-03-15', 15, 5, 2, 0, 1, 0, 0, 0, 0, 0, 0, 0, '2017-12-01 23:44:37', 'tima'),
(256, '2017-02-25', 2, 5, 1, 0, 1, 0, 0, 0, 0, 0, 0, 0, '2017-12-01 23:44:37', 'tima'),
(257, '2017-06-21', 18, 5, 2, 0, 1, 0, 0, 0, 0, 0, 0, 0, '2017-12-01 23:44:37', 'tima'),
(258, '2017-07-01', 13, 5, 2, 0, 1, 0, 0, 0, 0, 0, 0, 0, '2017-12-01 23:44:37', 'tima'),
(259, '2017-07-19', 2, 5, 2, 0, 1, 0, 0, 0, 0, 0, 0, 0, '2017-12-01 23:44:37', 'tima'),
(260, '2017-05-10', 5, 5, 2, 0, 1, 0, 0, 0, 0, 0, 0, 0, '2017-12-01 23:44:37', 'tima'),
(261, '2017-01-02', 17, 5, 2, 0, 1, 0, 0, 0, 0, 0, 0, 0, '2017-12-01 23:44:37', 'tima'),
(262, '2017-04-06', 26, 5, 2, 0, 1, 0, 0, 0, 0, 0, 0, 0, '2017-12-01 23:44:37', 'tima'),
(263, '2017-01-28', 25, 5, 1, 0, 1, 0, 0, 0, 0, 0, 0, 0, '2017-12-01 23:44:37', 'tima'),
(264, '2017-05-03', 18, 5, 2, 0, 1, 0, 0, 0, 0, 0, 0, 0, '2017-12-01 23:44:37', 'tima'),
(265, '2017-07-07', 10, 5, 1, 0, 1, 0, 0, 0, 0, 0, 0, 0, '2017-12-01 23:44:37', 'tima'),
(267, '2017-05-27', 13, 5, 1, 0, 1, 0, 0, 0, 0, 0, 0, 0, '2017-12-01 23:44:37', 'tima'),
(268, '2017-01-16', 26, 5, 2, 0, 1, 0, 0, 0, 0, 0, 0, 0, '2017-12-01 23:44:37', 'tima'),
(269, '2017-07-22', 12, 5, 1, 0, 1, 0, 0, 0, 0, 0, 0, 0, '2017-12-01 23:44:37', 'tima'),
(270, '2017-07-02', 26, 5, 2, 0, 1, 0, 0, 0, 0, 0, 0, 0, '2017-12-01 23:44:37', 'tima'),
(271, '2017-07-22', 22, 5, 1, 0, 1, 0, 0, 0, 0, 0, 0, 0, '2017-12-01 23:44:37', 'tima'),
(272, '2017-03-15', 13, 5, 2, 0, 1, 0, 0, 0, 0, 0, 0, 0, '2017-12-01 23:44:37', 'tima'),
(273, '2017-03-05', 2, 5, 2, 0, 1, 0, 0, 0, 0, 0, 0, 0, '2017-12-01 23:44:37', 'tima'),
(274, '2017-02-03', 15, 5, 2, 0, 1, 0, 0, 0, 0, 0, 0, 0, '2017-12-01 23:44:37', 'tima'),
(275, '2017-04-14', 27, 5, 2, 0, 1, 0, 0, 0, 0, 0, 0, 0, '2017-12-01 23:44:37', 'tima'),
(276, '2017-02-19', 5, 5, 2, 0, 1, 0, 0, 0, 0, 0, 0, 0, '2017-12-01 23:44:37', 'tima'),
(277, '2017-01-02', 18, 5, 1, 0, 1, 0, 0, 0, 0, 0, 0, 0, '2017-12-01 23:44:37', 'tima'),
(278, '2017-05-12', 22, 5, 2, 0, 1, 0, 0, 0, 0, 0, 0, 0, '2017-12-01 23:44:37', 'tima'),
(279, '2017-03-30', 7, 5, 1, 0, 1, 0, 0, 0, 0, 0, 0, 0, '2017-12-01 23:44:37', 'tima'),
(280, '2017-01-01', 4, 5, 1, 0, 1, 0, 0, 0, 0, 0, 0, 0, '2017-12-01 23:44:37', 'tima'),
(281, '2017-07-22', 10, 5, 1, 0, 1, 0, 0, 0, 0, 0, 0, 0, '2017-12-01 23:44:37', 'tima'),
(282, '2017-04-10', 13, 5, 2, 0, 1, 0, 0, 0, 0, 0, 0, 0, '2017-12-01 23:44:37', 'tima'),
(283, '2017-04-11', 8, 5, 1, 0, 1, 0, 0, 0, 0, 0, 0, 0, '2017-12-01 23:44:37', 'tima'),
(284, '2017-01-26', 3, 5, 2, 0, 1, 0, 0, 0, 0, 0, 0, 0, '2017-12-01 23:44:37', 'tima'),
(285, '2017-04-10', 23, 5, 1, 0, 1, 0, 0, 0, 0, 0, 0, 0, '2017-12-01 23:44:37', 'tima'),
(286, '2017-04-27', 28, 5, 1, 0, 1, 0, 0, 0, 0, 0, 0, 0, '2017-12-01 23:44:37', 'tima'),
(287, '2017-01-02', 11, 5, 2, 0, 1, 0, 0, 0, 0, 0, 0, 0, '2017-12-01 23:44:37', 'tima'),
(288, '2017-04-03', 2, 5, 2, 0, 1, 0, 0, 0, 0, 0, 0, 0, '2017-12-01 23:44:37', 'tima'),
(289, '2017-03-25', 14, 5, 1, 0, 1, 0, 0, 0, 0, 0, 0, 0, '2017-12-01 23:44:37', 'tima'),
(290, '2017-02-15', 8, 5, 2, 0, 1, 0, 0, 0, 0, 0, 0, 0, '2017-12-01 23:44:37', 'tima'),
(291, '2017-06-11', 10, 5, 1, 0, 1, 0, 0, 0, 0, 0, 0, 0, '2017-12-01 23:44:37', 'tima'),
(292, '2017-07-17', 12, 5, 2, 0, 1, 0, 0, 0, 0, 0, 0, 0, '2017-12-01 23:44:37', 'tima'),
(293, '2017-03-21', 9, 5, 2, 0, 1, 0, 0, 0, 0, 0, 0, 0, '2017-12-01 23:44:37', 'tima'),
(294, '2017-02-09', 14, 5, 1, 0, 1, 0, 0, 0, 0, 0, 0, 0, '2017-12-01 23:44:37', 'tima'),
(295, '2017-07-10', 20, 5, 2, 0, 1, 0, 0, 0, 0, 0, 0, 0, '2017-12-01 23:44:37', 'tima'),
(296, '2017-07-08', 23, 5, 1, 0, 1, 0, 0, 0, 0, 0, 0, 0, '2017-12-01 23:44:37', 'tima'),
(297, '2017-01-14', 8, 5, 1, 0, 1, 0, 0, 0, 0, 0, 0, 0, '2017-12-01 23:44:37', 'tima'),
(298, '2017-06-26', 14, 5, 1, 0, 1, 0, 0, 0, 0, 0, 0, 0, '2017-12-01 23:44:37', 'tima'),
(299, '2017-06-05', 24, 5, 2, 0, 1, 0, 0, 0, 0, 0, 0, 0, '2017-12-01 23:44:37', 'tima'),
(300, '2017-03-23', 18, 5, 2, 0, 1, 0, 0, 0, 0, 0, 0, 0, '2017-12-01 23:44:37', 'tima'),
(302, '2017-08-12', 31, 6, 2, 0, 0, 0, 0, 0, 0, 0, 0, 0, '2017-12-01 23:44:37', 'tima'),
(303, '2017-08-12', 4, 1, 6, 0, 1, 0, 0, 0, 0, 0, 0, 0, '2017-12-01 23:44:37', 'tima'),
(304, '2017-08-12', 44, 5, 2, 0, 1, 1, 1, 0, 0, 0, 0, 0, '2017-12-01 23:44:37', 'tima'),
(306, '2017-08-12', 15, 2, 3, 0, 1, 0, 0, 0, 0, 0, 0, 0, '2017-12-01 23:44:37', 'tima'),
(307, '2017-07-11', 9, 2, 2, 0, 1, 0, 0, 0, 0, 0, 0, 0, '2017-12-01 23:44:37', 'tima'),
(308, '2017-07-04', 31, 5, 2, 0, 1, 0, 1, 0, 0, 0, 0, 0, '2017-12-01 23:44:37', 'tima'),
(309, '2017-08-13', 2, 5, 2, 0, 0, 1, 0, 1, 0, 0, 0, 1, '2017-12-01 23:44:37', 'tima'),
(310, '2017-08-13', 10, 5, 2, 1, 0, 0, 0, 0, 0, 0, 0, 1, '2017-12-01 23:44:37', 'tima'),
(311, '2017-08-13', 8, 4, 4, 0, 1, 1, 0, 0, 0, 0, 0, 1, '2017-12-01 23:44:37', 'tima'),
(312, '2017-08-13', 24, 4, 4, 0, 1, 0, 0, 0, 0, 0, 0, 0, '2017-12-01 23:44:37', 'tima'),
(313, '2017-08-13', 44, 2, 1, 0, 1, 0, 0, 0, 0, 0, 0, 0, '2017-12-01 23:44:37', 'tima'),
(314, '2017-08-09', 44, 2, 1, 0, 1, 0, 0, 0, 0, 0, 0, 1, '2017-12-01 23:44:37', 'tima'),
(315, '2017-08-30', 47, 7, 5, 0, 1, 0, 0, 0, 0, 0, 0, 0, '2017-12-01 23:44:37', 'tima'),
(316, '2017-09-01', 42, 5, 2, 1, 1, 0, 1, 0, 1, 0, 1, 1, '2017-12-01 23:44:37', 'tima'),
(317, '2017-09-14', 44, 6, 3, 0, 1, 0, 0, 0, 0, 0, 0, 0, '2017-12-01 23:44:37', 'tima'),
(460, '2017-10-05', 45, 2, 1, 0, 0, 0, 0, 0, 0, 0, 0, 0, '2017-12-01 23:44:37', 'tima'),
(461, '2017-10-05', 31, 2, 3, 0, 0, 0, 0, 0, 0, 0, 0, 0, '2017-12-01 23:44:37', 'tima'),
(462, '2017-10-05', 8, 5, 1, 0, 0, 0, 0, 0, 0, 0, 0, 0, '2017-12-01 23:44:37', 'tima'),
(463, '2017-10-05', 18, 5, 1, 1, 1, 0, 0, 0, 0, 0, 0, 0, '2017-12-01 23:44:37', 'tima'),
(464, '2017-10-05', 7, 5, 1, 0, 0, 0, 0, 1, 0, 0, 0, 0, '2017-12-01 23:44:37', 'tima'),
(465, '2017-10-05', 3, 5, 2, 0, 1, 0, 0, 0, 0, 0, 1, 0, '2017-12-01 23:44:37', 'tima'),
(466, '2017-10-05', 29, 5, 2, 0, 0, 0, 0, 0, 0, 0, 0, 0, '2017-12-01 23:44:37', 'tima'),
(467, '2017-10-05', 20, 5, 2, 0, 1, 0, 1, 1, 0, 0, 0, 0, '2017-12-01 23:44:37', 'tima'),
(468, '2017-10-05', 11, 5, 3, 0, 1, 1, 0, 0, 0, 0, 0, 0, '2017-12-01 23:44:37', 'tima'),
(469, '2017-10-05', 9, 5, 3, 1, 1, 0, 0, 0, 0, 1, 0, 0, '2017-12-01 23:44:37', 'tima'),
(470, '2017-10-05', 33, 5, 3, 0, 1, 0, 0, 0, 1, 0, 0, 0, '2017-12-01 23:44:37', 'tima'),
(471, '2017-10-05', 15, 4, 4, 0, 1, 0, 0, 0, 0, 0, 0, 0, '2017-12-01 23:44:37', 'tima'),
(472, '2017-10-05', 44, 6, 8, 0, 1, 0, 0, 0, 0, 0, 0, 0, '2017-12-01 23:44:37', 'tima'),
(473, '2017-10-05', 47, 7, 8, 0, 1, 0, 0, 0, 0, 0, 0, 0, '2017-12-01 23:44:37', 'tima'),
(474, '2017-10-05', 40, 1, 8, 0, 1, 0, 0, 0, 0, 0, 0, 1, '2017-12-01 23:44:37', 'tima'),
(476, '2017-10-05', 26, 5, 1, 0, 1, 0, 1, 0, 0, 1, 0, 1, '2017-12-01 23:44:37', 'tima'),
(477, '2017-10-05', 42, 5, 1, 1, 1, 0, 0, 0, 1, 0, 1, 1, '2017-12-01 23:44:37', 'tima'),
(478, '2017-10-05', 17, 5, 2, 0, 1, 0, 0, 0, 0, 0, 0, 1, '2017-12-01 23:44:37', 'tima'),
(479, '2017-10-05', 43, 5, 2, 1, 1, 0, 0, 1, 0, 0, 0, 1, '2017-12-01 23:44:37', 'tima'),
(481, '2017-10-05', 22, 5, 3, 0, 1, 0, 0, 0, 0, 0, 0, 1, '2017-12-01 23:44:37', 'tima'),
(482, '2017-10-05', 6, 5, 3, 0, 0, 0, 0, 1, 0, 0, 0, 1, '2017-12-01 23:44:37', 'tima'),
(483, '2017-10-05', 21, 5, 3, 0, 1, 0, 0, 0, 0, 0, 0, 1, '2017-12-01 23:44:37', 'tima'),
(484, '2017-10-05', 14, 4, 4, 0, 1, 0, 0, 0, 0, 0, 0, 1, '2017-12-01 23:44:37', 'tima'),
(485, '2017-10-05', 46, 6, 8, 0, 1, 0, 0, 0, 0, 0, 0, 1, '2017-12-01 23:44:37', 'tima'),
(488, '2017-10-10', 31, 2, 3, 0, 1, 0, 0, 0, 0, 0, 0, 0, '2017-12-01 23:44:37', 'tima'),
(489, '2017-10-10', 8, 5, 1, 0, 1, 0, 0, 0, 0, 0, 0, 0, '2017-12-01 23:44:37', 'tima'),
(490, '2017-10-10', 18, 5, 1, 0, 1, 0, 0, 0, 0, 0, 0, 0, '2017-12-01 23:44:37', 'tima'),
(492, '2017-10-10', 3, 5, 2, 0, 1, 0, 0, 0, 0, 0, 0, 0, '2017-12-01 23:44:37', 'tima'),
(493, '2017-10-10', 29, 5, 2, 0, 1, 0, 0, 0, 0, 0, 0, 0, '2017-12-01 23:44:37', 'tima'),
(494, '2017-10-10', 20, 5, 3, 0, 1, 0, 0, 0, 0, 0, 0, 0, '2017-12-01 23:44:37', 'tima'),
(495, '2017-10-10', 11, 5, 3, 0, 1, 0, 0, 0, 0, 0, 0, 0, '2017-12-01 23:44:37', 'tima'),
(496, '2017-10-10', 9, 4, 4, 0, 1, 0, 0, 0, 0, 0, 0, 0, '2017-12-01 23:44:37', 'tima'),
(497, '2017-10-10', 44, 6, 8, 0, 1, 0, 0, 0, 0, 0, 0, 0, '2017-12-01 23:44:37', 'tima'),
(499, '2017-10-10', 33, 1, 8, 0, 1, 0, 0, 0, 0, 0, 0, 1, '2017-12-01 23:44:37', 'tima'),
(500, '2017-10-10', 15, 5, 4, 0, 1, 0, 0, 0, 0, 0, 0, 1, '2017-12-01 23:44:37', 'tima'),
(501, '2017-10-10', 4, 5, 1, 0, 1, 0, 0, 0, 0, 0, 0, 1, '2017-12-01 23:44:37', 'tima'),
(502, '2017-10-10', 23, 5, 1, 0, 1, 0, 0, 0, 0, 0, 0, 1, '2017-12-01 23:44:37', 'tima'),
(503, '2017-10-10', 13, 5, 2, 0, 1, 0, 0, 0, 0, 0, 0, 1, '2017-12-01 23:44:37', 'tima'),
(504, '2017-10-10', 28, 5, 2, 0, 1, 1, 0, 0, 0, 1, 0, 1, '2017-12-01 23:44:37', 'tima'),
(505, '2017-10-10', 10, 5, 2, 0, 1, 0, 0, 0, 0, 0, 0, 1, '2017-12-01 23:44:37', 'tima'),
(507, '2017-10-10', 25, 5, 3, 0, 1, 0, 0, 0, 0, 0, 0, 1, '2017-12-01 23:44:37', 'tima'),
(508, '2017-10-10', 5, 5, 3, 0, 1, 0, 0, 0, 0, 0, 0, 1, '2017-12-01 23:44:37', 'tima'),
(509, '2017-10-10', 24, 4, 4, 0, 1, 0, 0, 0, 0, 0, 0, 1, '2017-12-01 23:44:37', 'tima'),
(510, '2017-10-10', 32, 6, 6, 0, 1, 0, 0, 0, 0, 0, 0, 1, '2017-12-01 23:44:37', 'tima'),
(511, '2017-10-10', 47, 7, 8, 0, 1, 0, 0, 0, 0, 0, 0, 1, '2017-12-01 23:44:37', 'tima'),
(520, '2017-10-10', 30, 1, 5, 0, 1, 0, 0, 0, 0, 0, 0, 0, '2017-12-01 23:44:37', 'tima'),
(521, '2017-10-10', 19, 2, 3, 0, 1, 0, 0, 0, 0, 0, 0, 0, '2017-12-01 23:44:37', 'tima'),
(522, '2017-10-10', 16, 5, 4, 0, 1, 0, 0, 0, 0, 0, 0, 0, '2017-12-01 23:44:37', 'tima'),
(523, '2017-10-10', 12, 5, 1, 0, 1, 0, 0, 0, 0, 0, 0, 0, '2017-12-01 23:44:37', 'tima'),
(524, '2017-10-10', 14, 5, 2, 0, 1, 0, 0, 0, 0, 0, 0, 0, '2017-12-01 23:44:37', 'tima'),
(525, '2017-10-10', 22, 5, 3, 0, 1, 0, 0, 0, 0, 0, 0, 0, '2017-12-01 23:44:37', 'tima'),
(526, '2017-10-10', 6, 4, 4, 0, 1, 0, 0, 0, 0, 0, 0, 0, '2017-12-01 23:44:37', 'tima'),
(527, '2017-10-05', 4, 1, 8, 0, 1, 0, 0, 0, 0, 0, 0, 1, '2017-12-01 23:44:37', 'tima'),
(528, '2017-10-05', 23, 5, 1, 0, 1, 0, 0, 0, 0, 0, 0, 1, '2017-12-01 23:44:37', 'tima'),
(529, '2017-10-05', 13, 5, 2, 0, 1, 0, 0, 0, 0, 0, 0, 1, '2017-12-01 23:44:37', 'tima'),
(530, '2017-10-05', 28, 5, 3, 0, 1, 0, 0, 0, 0, 0, 0, 1, '2017-12-01 23:44:37', 'tima'),
(531, '2017-10-05', 10, 4, 4, 0, 1, 0, 0, 0, 0, 0, 0, 1, '2017-12-01 23:44:37', 'tima'),
(532, '2017-10-05', 32, 6, 3, 0, 1, 0, 0, 0, 0, 0, 0, 1, '2017-12-01 23:44:37', 'tima'),
(534, '2017-10-03', 31, 2, 3, 0, 1, 0, 0, 0, 0, 0, 0, 0, '2017-12-01 23:44:37', 'tima'),
(535, '2017-10-03', 8, 5, 1, 0, 1, 0, 0, 0, 0, 0, 0, 0, '2017-12-01 23:44:37', 'tima'),
(536, '2017-10-03', 3, 5, 2, 0, 1, 0, 0, 0, 0, 0, 0, 0, '2017-12-01 23:44:37', 'tima'),
(537, '2017-10-03', 29, 5, 3, 0, 1, 0, 0, 0, 0, 0, 0, 0, '2017-12-01 23:44:37', 'tima'),
(538, '2017-10-03', 18, 4, 4, 0, 1, 0, 0, 0, 0, 0, 0, 0, '2017-12-01 23:44:37', 'tima'),
(539, '2017-10-03', 46, 6, 5, 0, 1, 0, 0, 0, 0, 0, 0, 0, '2017-12-01 23:44:37', 'tima'),
(540, '2017-10-03', 32, 6, 6, 0, 1, 0, 0, 0, 0, 0, 0, 0, '2017-12-01 23:44:37', 'tima'),
(541, '2017-10-03', 47, 7, 8, 0, 1, 0, 0, 0, 0, 0, 0, 0, '2017-12-01 23:44:37', 'tima'),
(542, '2017-10-01', 45, 1, 8, 0, 0, 0, 0, 0, 0, 0, 0, 0, '2017-12-01 23:44:37', 'tima'),
(543, '2017-10-01', 31, 2, 3, 0, 0, 0, 0, 0, 0, 0, 0, 0, '2017-12-01 23:44:37', 'tima'),
(544, '2017-10-01', 8, 5, 4, 0, 1, 0, 0, 0, 0, 0, 0, 0, '2017-12-01 23:44:37', 'tima'),
(545, '2017-10-01', 29, 5, 1, 0, 1, 1, 0, 0, 1, 0, 0, 0, '2017-12-01 23:44:37', 'tima'),
(546, '2017-10-01', 20, 5, 2, 0, 0, 1, 1, 0, 1, 1, 0, 0, '2017-12-01 23:44:37', 'tima'),
(547, '2017-10-01', 9, 5, 3, 1, 1, 0, 1, 1, 0, 0, 1, 0, '2017-12-01 23:44:37', 'tima'),
(548, '2017-10-01', 15, 4, 4, 0, 1, 0, 0, 0, 0, 0, 0, 0, '2017-12-01 23:44:37', 'tima'),
(549, '2017-10-01', 46, 6, 8, 0, 1, 0, 0, 0, 0, 0, 0, 0, '2017-12-01 23:44:37', 'tima'),
(550, '2017-10-01', 47, 7, 8, 0, 1, 0, 0, 0, 0, 0, 0, 0, '2017-12-01 23:44:37', 'tima'),
(551, '2017-10-13', 45, 1, 5, 0, 0, 0, 0, 0, 0, 0, 0, 0, '2017-12-01 23:44:37', 'tima'),
(552, '2017-10-13', 31, 3, 3, 0, 0, 0, 0, 0, 0, 0, 0, 0, '2017-12-01 23:44:37', 'tima'),
(553, '2017-10-13', 18, 5, 4, 0, 1, 0, 0, 0, 0, 0, 0, 0, '2017-12-01 23:44:37', 'tima'),
(554, '2017-10-13', 8, 5, 1, 0, 1, 0, 0, 0, 0, 1, 0, 0, '2017-12-01 23:44:37', 'tima'),
(555, '2017-10-13', 3, 5, 1, 1, 0, 1, 1, 1, 1, 0, 1, 0, '2017-12-01 23:44:37', 'tima'),
(556, '2017-10-13', 11, 5, 1, 0, 1, 0, 0, 0, 0, 0, 0, 0, '2017-12-01 23:44:37', 'tima'),
(557, '2017-10-13', 29, 5, 2, 0, 0, 1, 0, 1, 0, 0, 0, 0, '2017-12-01 23:44:37', 'tima'),
(558, '2017-10-13', 9, 5, 2, 1, 1, 0, 0, 0, 0, 0, 0, 0, '2017-12-01 23:44:37', 'tima'),
(559, '2017-10-13', 23, 5, 3, 0, 0, 1, 0, 0, 0, 0, 0, 0, '2017-12-01 23:44:37', 'tima'),
(560, '2017-10-13', 28, 5, 3, 1, 1, 0, 0, 0, 0, 0, 0, 0, '2017-12-01 23:44:37', 'tima'),
(561, '2017-10-13', 20, 4, 4, 0, 1, 0, 0, 0, 0, 0, 0, 0, '2017-12-01 23:44:37', 'tima'),
(562, '2017-10-13', 44, 6, 1, 0, 1, 0, 0, 0, 0, 0, 0, 0, '2017-12-01 23:44:37', 'tima'),
(563, '2017-10-13', 47, 7, 3, 0, 1, 0, 0, 0, 0, 0, 0, 0, '2017-12-01 23:44:37', 'tima'),
(565, '2017-11-02', 7, 5, 3, 0, 0, 1, 1, 0, 0, 0, 0, 1, '2017-12-01 23:44:37', 'tima'),
(567, '2017-11-16', 31, 2, 1, 0, 0, 0, 0, 0, 0, 0, 0, 0, '2017-12-01 23:44:37', 'tima'),
(568, '2017-11-16', 7, 5, 1, 0, 1, 0, 0, 0, 0, 0, 0, 0, '2017-12-01 23:44:37', 'tima'),
(569, '2017-11-16', 11, 5, 2, 0, 1, 0, 0, 0, 0, 0, 0, 0, '2017-12-01 23:44:37', 'tima'),
(570, '2017-11-16', 9, 5, 3, 0, 0, 0, 0, 0, 0, 0, 0, 0, '2017-12-01 23:44:37', 'tima'),
(571, '2017-11-16', 3, 4, 4, 0, 1, 0, 0, 0, 0, 0, 0, 0, '2017-12-01 23:44:37', 'tima'),
(572, '2017-11-16', 44, 6, 2, 0, 1, 0, 0, 0, 0, 0, 0, 0, '2017-12-01 23:44:37', 'tima'),
(573, '2017-11-02', 31, 1, 3, 0, 0, 0, 0, 0, 0, 0, 0, 0, '2017-12-01 23:44:37', 'tima'),
(574, '2017-11-16', 45, 1, 5, 0, 0, 0, 0, 0, 0, 0, 0, 0, '2017-12-01 23:44:37', 'tima'),
(575, '2017-11-23', 45, 1, 5, 0, 1, 0, 0, 0, 0, 0, 0, 0, '2017-12-01 23:44:37', 'tima'),
(576, '2017-11-23', 31, 2, 3, 0, 1, 0, 0, 0, 0, 0, 0, 0, '2017-12-01 23:44:37', 'tima'),
(577, '2017-11-23', 8, 5, 4, 0, 1, 0, 0, 0, 0, 0, 0, 0, '2017-12-01 23:44:37', 'tima'),
(578, '2017-11-23', 20, 5, 1, 1, 0, 0, 0, 1, 0, 0, 0, 0, '2017-12-01 23:44:37', 'tima'),
(579, '2017-11-23', 9, 5, 1, 0, 1, 0, 0, 0, 0, 0, 0, 0, '2017-12-01 23:44:37', 'tima'),
(580, '2017-11-23', 33, 5, 1, 1, 1, 1, 1, 0, 0, 0, 0, 0, '2017-12-01 23:44:37', 'tima'),
(581, '2017-11-23', 18, 5, 2, 0, 0, 1, 0, 0, 0, 0, 0, 0, '2017-12-01 23:44:37', 'tima'),
(582, '2017-11-23', 3, 5, 2, 1, 1, 0, 0, 0, 0, 0, 0, 0, '2017-12-01 23:44:37', 'tima'),
(583, '2017-11-23', 11, 5, 2, 0, 1, 0, 1, 0, 0, 0, 0, 0, '2017-12-01 23:44:37', 'tima'),
(584, '2017-11-23', 23, 5, 2, 1, 1, 0, 1, 0, 0, 0, 0, 0, '2017-12-01 23:44:37', 'tima'),
(585, '2017-11-23', 15, 5, 3, 0, 1, 0, 1, 0, 0, 0, 0, 0, '2017-12-01 23:44:37', 'tima'),
(586, '2017-11-23', 13, 5, 3, 0, 1, 0, 0, 0, 1, 0, 0, 0, '2017-12-01 23:44:37', 'tima'),
(587, '2017-11-23', 10, 5, 3, 0, 1, 0, 0, 0, 1, 0, 0, 0, '2017-12-01 23:44:37', 'tima'),
(588, '2017-11-23', 2, 5, 3, 0, 1, 0, 0, 0, 0, 0, 1, 0, '2017-12-01 23:44:37', 'tima'),
(589, '2017-11-23', 21, 4, 4, 0, 1, 0, 0, 0, 0, 0, 0, 0, '2017-12-01 23:44:37', 'tima'),
(590, '2017-11-23', 44, 6, 8, 0, 1, 0, 0, 0, 0, 0, 0, 0, '2017-12-01 23:44:37', 'tima'),
(591, '2017-11-23', 49, 7, 5, 0, 1, 0, 0, 0, 0, 0, 0, 0, '2017-12-01 23:44:37', 'tima'),
(592, '2017-11-23', 47, 7, 3, 0, 1, 0, 0, 0, 0, 0, 0, 0, '2017-12-01 23:44:37', 'tima');

-- --------------------------------------------------------

--
-- Table structure for table `shift_tracker_tbl_shift_entry_ref`
--

CREATE TABLE `shift_tracker_tbl_shift_entry_ref` (
  `column_name` varchar(50) COLLATE utf8_unicode_ci NOT NULL,
  `display_name` varchar(50) COLLATE utf8_unicode_ci NOT NULL,
  `form_type` varchar(20) COLLATE utf8_unicode_ci DEFAULT NULL,
  `item_group` varchar(15) COLLATE utf8_unicode_ci DEFAULT NULL
) ENGINE=InnoDB DEFAULT CHARSET=utf8 COLLATE=utf8_unicode_ci;

--
-- Dumping data for table `shift_tracker_tbl_shift_entry_ref`
--

INSERT INTO `shift_tracker_tbl_shift_entry_ref` (`column_name`, `display_name`, `form_type`, `item_group`) VALUES
('assignment_id', 'Assignment', 'select', 'ref'),
('bool_burn', 'Burn', 'checkbox', 'mod'),
('bool_code_pager', 'Code Pager', 'checkbox', 'mod'),
('bool_crrt', 'CRRT', 'checkbox', 'mod'),
('bool_day_or_night', 'Day or Night', 'checkbox', 'mod'),
('bool_doubled', 'Doubled', 'checkbox', 'mod'),
('bool_evd', 'EVD', 'checkbox', 'mod'),
('bool_new_admit', 'Admitted', 'checkbox', 'mod'),
('bool_vented', 'Vented', 'checkbox', 'mod'),
('bool_very_sick', 'Very Sick', 'checkbox', 'mod'),
('id', 'shift-id', NULL, 'ref'),
('role_id', 'Role', 'select', 'ref'),
('shift_date', 'Date', NULL, 'ref'),
('staff_id', 'Staff', NULL, 'ref');

-- --------------------------------------------------------

--
-- Table structure for table `shift_tracker_tbl_staff`
--

CREATE TABLE `shift_tracker_tbl_staff` (
  `id` int(11) NOT NULL,
  `last_name` varchar(60) COLLATE utf8_unicode_ci NOT NULL,
  `first_name` varchar(60) COLLATE utf8_unicode_ci NOT NULL,
  `category_id` int(11) DEFAULT NULL,
  `bool_is_active` tinyint(1) NOT NULL COMMENT '0 = no, 1 = yes',
  `added_timestamp` timestamp NOT NULL DEFAULT CURRENT_TIMESTAMP,
  `added_by` varchar(30) COLLATE utf8_unicode_ci NOT NULL
) ENGINE=InnoDB DEFAULT CHARSET=utf8 COLLATE=utf8_unicode_ci;

--
-- Dumping data for table `shift_tracker_tbl_staff`
--

INSERT INTO `shift_tracker_tbl_staff` (`id`, `last_name`, `first_name`, `category_id`, `bool_is_active`, `added_timestamp`, `added_by`) VALUES
(2, 'Kasprzak', 'Margurite', 1, 1, '2017-12-01 23:40:08', 'tima'),
(3, 'Carone', 'Claretta', 1, 1, '2017-12-01 23:40:08', 'tima'),
(4, 'Gambrell', 'Johnny', 1, 1, '2017-12-01 23:40:08', 'tima'),
(5, 'Lundy', 'Basilia', 1, 1, '2017-12-01 23:40:08', 'tima'),
(6, 'Sargent', 'Tamar', 1, 1, '2017-12-01 23:40:08', 'tima'),
(7, 'Brecht', 'Mai', 1, 1, '2017-12-01 23:40:08', 'tima'),
(8, 'Bakos', 'Audie', 1, 0, '2017-12-01 23:40:08', 'tima'),
(9, 'Feher', 'Shanae', 1, 1, '2017-12-01 23:40:08', 'tima'),
(10, 'Hong', 'Ken', 1, 1, '2017-12-01 23:40:08', 'tima'),
(11, 'Estevez', 'Kimberely', 1, 1, '2017-12-01 23:40:08', 'tima'),
(12, 'Peloquin', 'Joaquin', 1, 1, '2017-12-01 23:40:08', 'tima'),
(13, 'Hardy', 'Krysten', 1, 1, '2017-12-01 23:40:08', 'tima'),
(14, 'Rizzi', 'Hoyt', 1, 1, '2017-12-01 23:40:08', 'tima'),
(15, 'Flippin', 'Lacey', 1, 1, '2017-12-01 23:40:08', 'tima'),
(16, 'Mohamed', 'Cleopatra', 1, 1, '2017-12-01 23:40:08', 'tima'),
(17, 'Schow', 'Georgene', 1, 1, '2017-12-01 23:40:08', 'tima'),
(18, 'Borgeson', 'Kasey', 1, 1, '2017-12-01 23:40:08', 'tima'),
(19, 'Mcniff', 'Donovan', 1, 1, '2017-12-01 23:40:08', 'tima'),
(20, 'Delosh', 'Cassondra', 1, 1, '2017-12-01 23:40:08', 'tima'),
(21, 'Sassman', 'Ana', 1, 1, '2017-12-01 23:40:08', 'tima'),
(22, 'Saine', 'Jimmie', 1, 1, '2017-12-01 23:40:08', 'tima'),
(23, 'Goldsberry', 'Danyell', 1, 1, '2017-12-01 23:40:08', 'tima'),
(24, 'Maldanado', 'Lizeth', 1, 1, '2017-12-01 23:40:08', 'tima'),
(25, 'Laubscher', 'Alpha', 1, 1, '2017-12-01 23:40:08', 'tima'),
(26, 'Walberg', 'Shalanda', 1, 1, '2017-12-01 23:40:08', 'tima'),
(27, 'Stansel', 'Damion', 1, 1, '2017-12-01 23:40:08', 'tima'),
(28, 'Herrell', 'Randal', 1, 1, '2017-12-01 23:40:08', 'tima'),
(29, 'Carrigan', 'Tabatha', 1, 1, '2017-12-01 23:40:08', 'tima'),
(30, 'Mascia', 'Analisa', 1, 1, '2017-12-01 23:40:08', 'tima'),
(31, 'Amick', 'Sonny', 1, 1, '2017-12-01 23:40:08', 'tima'),
(32, 'Hansworthy', 'Michael', 3, 1, '2017-12-01 23:40:08', 'tima'),
(33, 'Fitzgerald', 'Gerald', 1, 1, '2017-12-01 23:40:08', 'tima'),
(40, 'Wong', 'Josh', 1, 1, '2017-12-01 23:40:08', 'tima'),
(42, 'Wong', 'Fredering', 1, 1, '2017-12-01 23:40:08', 'tima'),
(43, 'Shmorganson', 'Gary', 1, 1, '2017-12-01 23:40:08', 'tima'),
(44, 'Asd', 'Adas', 2, 1, '2017-12-01 23:40:08', 'tima'),
(45, 'Ada', 'Dasdas', 1, 1, '2017-12-01 23:40:08', 'tima'),
(46, 'Ggd', 'Ggdd', 2, 1, '2017-12-01 23:40:08', 'tima'),
(47, 'Porter', 'Dave', 4, 1, '2017-12-01 23:40:08', 'tima'),
(49, 'Bleu', 'Menu', 4, 1, '2017-12-01 23:40:08', 'tima'),
(50, 'Austin', 'Tim', 1, 1, '2017-12-01 23:40:08', 'tima'),
(51, 'Stobbs', 'Mary', 1, 1, '2017-12-01 23:40:08', 'tima'),
(52, 'Spence', 'Carolyn', 1, 1, '2017-12-01 23:40:08', 'tima'),
(53, 'Wolfe', 'Karlyn', 1, 1, '2017-12-01 23:40:08', 'tima'),
(54, 'Burridge', 'Dan', 1, 1, '2017-12-01 23:40:08', 'tima');

-- --------------------------------------------------------

--
-- Table structure for table `shift_tracker_tbl_staff_category`
--

CREATE TABLE `shift_tracker_tbl_staff_category` (
  `id` int(11) NOT NULL,
  `category` varchar(60) COLLATE utf8_unicode_ci NOT NULL
) ENGINE=InnoDB DEFAULT CHARSET=utf8 COLLATE=utf8_unicode_ci;

--
-- Dumping data for table `shift_tracker_tbl_staff_category`
--

INSERT INTO `shift_tracker_tbl_staff_category` (`id`, `category`) VALUES
(3, 'LPN'),
(2, 'NA'),
(1, 'RN'),
(4, 'UC');

-- --------------------------------------------------------

--
-- Table structure for table `shift_tracker_tbl_staff_role`
--

CREATE TABLE `shift_tracker_tbl_staff_role` (
  `id` int(11) NOT NULL,
  `role` varchar(60) COLLATE utf8_unicode_ci NOT NULL
) ENGINE=InnoDB DEFAULT CHARSET=utf8 COLLATE=utf8_unicode_ci;

--
-- Dumping data for table `shift_tracker_tbl_staff_role`
--

INSERT INTO `shift_tracker_tbl_staff_role` (`id`, `role`) VALUES
(5, 'Bedside'),
(2, 'Charge'),
(1, 'Clinician'),
(3, 'Clinician Prn'),
(6, 'NA'),
(4, 'Outreach'),
(7, 'UC');

-- --------------------------------------------------------

--
-- Table structure for table `userdemo01_tbl_users`
--

CREATE TABLE `userdemo01_tbl_users` (
  `id` int(11) NOT NULL,
  `first_name` varchar(25) NOT NULL,
  `last_name` varchar(25) NOT NULL,
  `email_id` varchar(50) NOT NULL,
  `contact_no` bigint(10) NOT NULL
) ENGINE=InnoDB DEFAULT CHARSET=latin1;

--
-- Dumping data for table `userdemo01_tbl_users`
--

INSERT INTO `userdemo01_tbl_users` (`id`, `first_name`, `last_name`, `email_id`, `contact_no`) VALUES
(21, 'Hal1', '2000', 'hal2000@badcomputer.com', 403);

-- --------------------------------------------------------

--
-- Stand-in structure for view `v_shift_entries_w_staff_w_category`
-- (See below for the actual view)
--
CREATE TABLE `v_shift_entries_w_staff_w_category` (
`id` int(11)
,`shift_date` date
,`staff_id` int(11)
,`role_id` int(11)
,`assignment_id` int(11)
,`bool_doubled` tinyint(1)
,`bool_vented` tinyint(1)
,`bool_new_admit` tinyint(1)
,`bool_very_sick` tinyint(1)
,`bool_code_pager` tinyint(1)
,`bool_crrt` tinyint(1)
,`bool_burn` tinyint(1)
,`bool_evd` tinyint(1)
,`bool_day_or_night` tinyint(1)
,`first_name` varchar(60)
,`last_name` varchar(60)
,`category_id` int(11)
,`category` varchar(60)
);

-- --------------------------------------------------------

--
-- Stand-in structure for view `v_shift_entries_w_staff_w_category_w_assignment_w_role`
-- (See below for the actual view)
--
CREATE TABLE `v_shift_entries_w_staff_w_category_w_assignment_w_role` (
`id` int(11)
,`shift_date` date
,`staff_id` int(11)
,`category_id` int(11)
,`role_id` int(11)
,`assignment_id` int(11)
,`bool_doubled` tinyint(1)
,`bool_vented` tinyint(1)
,`bool_new_admit` tinyint(1)
,`bool_very_sick` tinyint(1)
,`bool_code_pager` tinyint(1)
,`bool_crrt` tinyint(1)
,`bool_burn` tinyint(1)
,`bool_evd` tinyint(1)
,`bool_day_or_night` tinyint(1)
,`first_name` varchar(60)
,`last_name` varchar(60)
,`category` varchar(60)
,`assignment` varchar(60)
,`role` varchar(60)
);

-- --------------------------------------------------------

--
-- Structure for view `v_shift_entries_w_staff_w_category`
--
DROP TABLE IF EXISTS `v_shift_entries_w_staff_w_category`;

CREATE ALGORITHM=UNDEFINED DEFINER=`id1876647_neenjawtestuser`@`%` SQL SECURITY DEFINER VIEW `v_shift_entries_w_staff_w_category`  AS  select `shift_tracker_tbl_shift_entry`.`id` AS `id`,`shift_tracker_tbl_shift_entry`.`shift_date` AS `shift_date`,`shift_tracker_tbl_shift_entry`.`staff_id` AS `staff_id`,`shift_tracker_tbl_shift_entry`.`role_id` AS `role_id`,`shift_tracker_tbl_shift_entry`.`assignment_id` AS `assignment_id`,`shift_tracker_tbl_shift_entry`.`bool_doubled` AS `bool_doubled`,`shift_tracker_tbl_shift_entry`.`bool_vented` AS `bool_vented`,`shift_tracker_tbl_shift_entry`.`bool_new_admit` AS `bool_new_admit`,`shift_tracker_tbl_shift_entry`.`bool_very_sick` AS `bool_very_sick`,`shift_tracker_tbl_shift_entry`.`bool_code_pager` AS `bool_code_pager`,`shift_tracker_tbl_shift_entry`.`bool_crrt` AS `bool_crrt`,`shift_tracker_tbl_shift_entry`.`bool_burn` AS `bool_burn`,`shift_tracker_tbl_shift_entry`.`bool_evd` AS `bool_evd`,`shift_tracker_tbl_shift_entry`.`bool_day_or_night` AS `bool_day_or_night`,`shift_tracker_tbl_staff`.`first_name` AS `first_name`,`shift_tracker_tbl_staff`.`last_name` AS `last_name`,`shift_tracker_tbl_staff`.`category_id` AS `category_id`,`shift_tracker_tbl_staff_category`.`category` AS `category` from ((`shift_tracker_tbl_shift_entry` left join `shift_tracker_tbl_staff` on((`shift_tracker_tbl_shift_entry`.`staff_id` = `shift_tracker_tbl_staff`.`id`))) left join `shift_tracker_tbl_staff_category` on((`shift_tracker_tbl_staff`.`category_id` = `shift_tracker_tbl_staff_category`.`id`))) ;

-- --------------------------------------------------------

--
-- Structure for view `v_shift_entries_w_staff_w_category_w_assignment_w_role`
--
DROP TABLE IF EXISTS `v_shift_entries_w_staff_w_category_w_assignment_w_role`;

CREATE ALGORITHM=UNDEFINED DEFINER=`id1876647_neenjawtestuser`@`%` SQL SECURITY DEFINER VIEW `v_shift_entries_w_staff_w_category_w_assignment_w_role`  AS  select `v_shift_entries_w_staff_w_category`.`id` AS `id`,`v_shift_entries_w_staff_w_category`.`shift_date` AS `shift_date`,`v_shift_entries_w_staff_w_category`.`staff_id` AS `staff_id`,`v_shift_entries_w_staff_w_category`.`category_id` AS `category_id`,`v_shift_entries_w_staff_w_category`.`role_id` AS `role_id`,`v_shift_entries_w_staff_w_category`.`assignment_id` AS `assignment_id`,`v_shift_entries_w_staff_w_category`.`bool_doubled` AS `bool_doubled`,`v_shift_entries_w_staff_w_category`.`bool_vented` AS `bool_vented`,`v_shift_entries_w_staff_w_category`.`bool_new_admit` AS `bool_new_admit`,`v_shift_entries_w_staff_w_category`.`bool_very_sick` AS `bool_very_sick`,`v_shift_entries_w_staff_w_category`.`bool_code_pager` AS `bool_code_pager`,`v_shift_entries_w_staff_w_category`.`bool_crrt` AS `bool_crrt`,`v_shift_entries_w_staff_w_category`.`bool_burn` AS `bool_burn`,`v_shift_entries_w_staff_w_category`.`bool_evd` AS `bool_evd`,`v_shift_entries_w_staff_w_category`.`bool_day_or_night` AS `bool_day_or_night`,`v_shift_entries_w_staff_w_category`.`first_name` AS `first_name`,`v_shift_entries_w_staff_w_category`.`last_name` AS `last_name`,`v_shift_entries_w_staff_w_category`.`category` AS `category`,`shift_tracker_tbl_assignment`.`assignment` AS `assignment`,`shift_tracker_tbl_staff_role`.`role` AS `role` from ((`v_shift_entries_w_staff_w_category` left join `shift_tracker_tbl_assignment` on((`v_shift_entries_w_staff_w_category`.`assignment_id` = `shift_tracker_tbl_assignment`.`id`))) left join `shift_tracker_tbl_staff_role` on((`v_shift_entries_w_staff_w_category`.`role_id` = `shift_tracker_tbl_staff_role`.`id`))) ;

--
-- Indexes for dumped tables
--

--
-- Indexes for table `shift_login_tbl_users`
--
ALTER TABLE `shift_login_tbl_users`
  ADD PRIMARY KEY (`id`),
  ADD UNIQUE KEY `email` (`login`),
  ADD KEY `auth_id` (`auth_id`);

--
-- Indexes for table `shift_login_tbl_user_auth`
--
ALTER TABLE `shift_login_tbl_user_auth`
  ADD PRIMARY KEY (`id`);

--
-- Indexes for table `shift_tracker_tbl_assignment`
--
ALTER TABLE `shift_tracker_tbl_assignment`
  ADD PRIMARY KEY (`id`),
  ADD UNIQUE KEY `pod_name` (`assignment`),
  ADD UNIQUE KEY `pod_name_2` (`assignment`);

--
-- Indexes for table `shift_tracker_tbl_shift_entry`
--
ALTER TABLE `shift_tracker_tbl_shift_entry`
  ADD PRIMARY KEY (`id`),
  ADD UNIQUE KEY `ix_uq` (`shift_date`,`staff_id`),
  ADD KEY `FK_role_id` (`role_id`),
  ADD KEY `FK_assignment_id` (`assignment_id`),
  ADD KEY `FK_staff_id` (`staff_id`);

--
-- Indexes for table `shift_tracker_tbl_shift_entry_ref`
--
ALTER TABLE `shift_tracker_tbl_shift_entry_ref`
  ADD PRIMARY KEY (`column_name`);

--
-- Indexes for table `shift_tracker_tbl_staff`
--
ALTER TABLE `shift_tracker_tbl_staff`
  ADD PRIMARY KEY (`id`),
  ADD UNIQUE KEY `ui` (`last_name`,`first_name`,`category_id`),
  ADD KEY `FK_staff_category` (`category_id`);

--
-- Indexes for table `shift_tracker_tbl_staff_category`
--
ALTER TABLE `shift_tracker_tbl_staff_category`
  ADD PRIMARY KEY (`id`),
  ADD UNIQUE KEY `category` (`category`);

--
-- Indexes for table `shift_tracker_tbl_staff_role`
--
ALTER TABLE `shift_tracker_tbl_staff_role`
  ADD PRIMARY KEY (`id`),
  ADD UNIQUE KEY `role` (`role`);

--
-- Indexes for table `userdemo01_tbl_users`
--
ALTER TABLE `userdemo01_tbl_users`
  ADD PRIMARY KEY (`id`);

--
-- AUTO_INCREMENT for dumped tables
--

--
-- AUTO_INCREMENT for table `shift_login_tbl_users`
--
ALTER TABLE `shift_login_tbl_users`
  MODIFY `id` int(11) NOT NULL AUTO_INCREMENT, AUTO_INCREMENT=22;
--
-- AUTO_INCREMENT for table `shift_login_tbl_user_auth`
--
ALTER TABLE `shift_login_tbl_user_auth`
  MODIFY `id` int(11) NOT NULL AUTO_INCREMENT, AUTO_INCREMENT=5;
--
-- AUTO_INCREMENT for table `shift_tracker_tbl_assignment`
--
ALTER TABLE `shift_tracker_tbl_assignment`
  MODIFY `id` int(11) NOT NULL AUTO_INCREMENT, AUTO_INCREMENT=9;
--
-- AUTO_INCREMENT for table `shift_tracker_tbl_shift_entry`
--
ALTER TABLE `shift_tracker_tbl_shift_entry`
  MODIFY `id` int(11) NOT NULL AUTO_INCREMENT, AUTO_INCREMENT=593;
--
-- AUTO_INCREMENT for table `shift_tracker_tbl_staff`
--
ALTER TABLE `shift_tracker_tbl_staff`
  MODIFY `id` int(11) NOT NULL AUTO_INCREMENT, AUTO_INCREMENT=55;
--
-- AUTO_INCREMENT for table `shift_tracker_tbl_staff_category`
--
ALTER TABLE `shift_tracker_tbl_staff_category`
  MODIFY `id` int(11) NOT NULL AUTO_INCREMENT, AUTO_INCREMENT=5;
--
-- AUTO_INCREMENT for table `shift_tracker_tbl_staff_role`
--
ALTER TABLE `shift_tracker_tbl_staff_role`
  MODIFY `id` int(11) NOT NULL AUTO_INCREMENT, AUTO_INCREMENT=8;
--
-- AUTO_INCREMENT for table `userdemo01_tbl_users`
--
ALTER TABLE `userdemo01_tbl_users`
  MODIFY `id` int(11) NOT NULL AUTO_INCREMENT, AUTO_INCREMENT=22;
--
-- Constraints for dumped tables
--

--
-- Constraints for table `shift_login_tbl_users`
--
ALTER TABLE `shift_login_tbl_users`
  ADD CONSTRAINT `shift_login_tbl_users_ibfk_1` FOREIGN KEY (`auth_id`) REFERENCES `shift_login_tbl_user_auth` (`id`);

--
-- Constraints for table `shift_tracker_tbl_shift_entry`
--
ALTER TABLE `shift_tracker_tbl_shift_entry`
  ADD CONSTRAINT `FK_assignment_id` FOREIGN KEY (`assignment_id`) REFERENCES `shift_tracker_tbl_assignment` (`id`) ON UPDATE CASCADE,
  ADD CONSTRAINT `FK_role_id` FOREIGN KEY (`role_id`) REFERENCES `shift_tracker_tbl_staff_role` (`id`) ON UPDATE CASCADE,
  ADD CONSTRAINT `FK_staff_id` FOREIGN KEY (`staff_id`) REFERENCES `shift_tracker_tbl_staff` (`id`) ON DELETE CASCADE ON UPDATE CASCADE;

--
-- Constraints for table `shift_tracker_tbl_staff`
--
ALTER TABLE `shift_tracker_tbl_staff`
  ADD CONSTRAINT `FK_staff_category` FOREIGN KEY (`category_id`) REFERENCES `shift_tracker_tbl_staff_category` (`id`) ON UPDATE CASCADE;
